# Version: 1.9.0, path: ['/usr/lib64/python3.6/site-packages/tensorflow']
size,time,flop
256,0.4821,69.4643367375
512,1.1709,229.0298246804
1024,9.3394,229.8262670219
2048,35.2317,487.5057645042
4096,227.1378,605.0167006141
8192,1741.7086,631.2448104830
16384,14239.3156,617.7140003971
