# Version: 1.9.0, path: ['/home/jason/code/venv/bintf/lib64/python3.6/site-packages/tensorflow']
size,time,flop
256,0.5121,65.3916524249
512,1.4819,180.9643968287
1024,10.2930,208.5337801664
2048,39.5300,434.4970163912
4096,270.4917,508.0458622454
8192,2114.6851,519.9093332950
16384,17052.7956,515.7995674314
