# Version: 1.9.0, path: ['/usr/lib64/python3.6/site-packages/tensorflow']
size,time,flop
256,0.1866,179.4890922710
512,0.1865,1437.5489306547
1024,0.4264,5033.5346833602
2048,2.0708,8294.0497485292
4096,13.8831,9898.4931617407
8192,94.3107,11657.6902400077
16384,895.8222,9818.7171328652
